<?xml version="1.0" encoding="utf-8"?><shortcuts>
	<shortcut>
		<defaultID>5</defaultID>
		<label>5</label>
		<label2>Kodi Command</label2>
		<icon>common/settings1.png</icon>
		<thumb/>
		<action>ActivateWindow(Settings)</action>
		</shortcut>
	<shortcut>
		<defaultID>31706</defaultID>
		<label>$SKIN[31706|skin.bingie|None]</label>
		<label2>Kodi Command</label2>
		<icon>common/reload-skin.png</icon>
		<thumb/>
		<action>ReloadSkin()</action>
		</shortcut>
	<shortcut>
		<defaultID/>
		<label>Mise à jour des contenus</label>
		<label2>Extensions Vidéo</label2>
		<icon>DefaultShortcut.png</icon>
		<thumb>image://special%3a%2f%2fhome%2faddons%2fplugin.video.vstream%2fresources%2fart%2fsynchro.png/</thumb>
		<action>ActivateWindow(Videos,&quot;plugin://plugin.video.vstream/?site=pastebin&amp;function=refreshAllPaste&amp;title=Forcer+la+mise+%C3%A0+jour+des+contenus&amp;sFav=refreshAllPaste&quot;,return)</action>
		</shortcut>
	<shortcut>
		<defaultID>20126</defaultID>
		<label>20126</label>
		<label2>Kodi Command</label2>
		<icon>common/lock.png</icon>
		<thumb/>
		<action>System.LogOff</action>
		<visible>System.HasLoginScreen</visible>
		</shortcut>
	<shortcut>
		<defaultID>13012</defaultID>
		<label>Quitter Netflix</label>
		<label2>Kodi Command</label2>
		<icon>common/exit1.png</icon>
		<thumb/>
		<action>Quit()</action>
		</shortcut>
	</shortcuts>