<?xml version="1.0" encoding="utf-8"?><shortcuts>
	<shortcut>
		<defaultID/>
		<label>Films</label>
		<label2>Elément personnalisé</label2>
		<icon>DefaultShortcut.png</icon>
		<thumb/>
		<action>plugin://plugin.video.vstream/?site=pastebin&amp;function=showMovies&amp;siteUrl=pastebin%26sMedia%3dfilm%26bSilent%3dTrue%26sSearch%3d</action>
		</shortcut>
	<shortcut>
		<defaultID/>
		<label>Séries</label>
		<label2>Elément personnalisé</label2>
		<icon>DefaultShortcut.png</icon>
		<thumb/>
		<action>plugin://plugin.video.vstream/?site=pastebin&amp;function=showMovies&amp;siteUrl=pastebin%26sMedia%3dserie%26bSilent%3dTrue%26sSearch%3d</action>
		</shortcut>
	</shortcuts>